SMILES,lambda_max,pss_z,k_thermal,system_type,source_id,compound_name,canonical_smiles
FC1=CC=CC=C1/N=N/C2=C(F)C=CC=C2,325.0,66.0,1.75037e-05,Photoswitch_Experimental,M01_Photoswitch_Dataset,PS_M01_30,Fc1ccccc1/N=N/c1ccccc1F
FC1=CC=CC(F)=C1/N=N/C2=CC=CC=C2,309.0,74.0,7.70164e-06,Photoswitch_Experimental,M01_Photoswitch_Dataset,PS_M01_31,Fc1cccc(F)c1/N=N/c1ccccc1
FC1=CC=CC(F)=C1/N=N/C2=C(F)C=CC=C2F,305.0,86.0,2.0928360000000003e-06,Photoswitch_Experimental,M01_Photoswitch_Dataset,PS_M01_32,Fc1cccc(F)c1/N=N/c1c(F)cccc1F
FC1=CC(F)=CC(F)=C1/N=N/C(C(F)=C2)=C(F)C=C2F,309.0,94.0,9.6e-06,Photoswitch_Experimental,M01_Photoswitch_Dataset,PS_M01_33,Fc1cc(F)c(/N=N/c2c(F)cc(F)cc2F)c(F)c1
FC1=C(F)C=C(F)C(F)=C1/N=N/C2=C(F)C(F)=CC(F)=C2F,303.0,92.0,7.131139999999999e-06,Photoswitch_Experimental,M01_Photoswitch_Dataset,PS_M01_34,Fc1cc(F)c(F)c(/N=N/c2c(F)c(F)cc(F)c2F)c1F
FC1=C(F)C(F)=C(F)C(F)=C1/N=N/C2=C(F)C(F)=C(F)C(F)=C2F,310.0,91.0,4.1e-05,Photoswitch_Experimental,M01_Photoswitch_Dataset,PS_M01_35,Fc1c(F)c(F)c(/N=N/c2c(F)c(F)c(F)c(F)c2F)c(F)c1F
FC1=CC=CC(F)=C1/N=N/C2=CC=C(C(OCC)=O)C=C2,316.0,75.0,9.16861e-06,Photoswitch_Experimental,M01_Photoswitch_Dataset,PS_M01_36,CCOC(=O)c1ccc(/N=N/c2c(F)cccc2F)cc1
FC1=CC(C(OCC)=O)=CC(F)=C1/N=N/C2=C(F)C=C(C(OCC)=O)C=C2F,314.0,90.0,1.283606e-05,Photoswitch_Experimental,M01_Photoswitch_Dataset,PS_M01_37,CCOC(=O)c1cc(F)c(/N=N/c2c(F)cc(C(=O)OCC)cc2F)c(F)c1
FC1=CC(C(OCC)=O)=CC(F)=C1/N=N/C2=C(F)C=CC=C2F,310.0,95.0,6.41803e-06,Photoswitch_Experimental,M01_Photoswitch_Dataset,PS_M01_38,CCOC(=O)c1cc(F)c(/N=N/c2c(F)cccc2F)c(F)c1
FC1=CC(C(OCC)=O)=CC(F)=C1/N=N/C2=CC=C(C(OCC)=O)C=C2,320.0,61.0,2.4067600000000003e-05,Photoswitch_Experimental,M01_Photoswitch_Dataset,PS_M01_39,CCOC(=O)c1ccc(/N=N/c2c(F)cc(C(=O)OCC)cc2F)cc1
FC1=CC(C(OCC)=O)=CC(F)=C1/N=N/C2=CC=CC=C2,316.0,79.0,2.7505840000000003e-05,Photoswitch_Experimental,M01_Photoswitch_Dataset,PS_M01_40,CCOC(=O)c1cc(F)c(/N=N/c2ccccc2)c(F)c1
CC(NC(C=C1)=CC(OC)=C1/N=N/C2=C(OC)C=C(NC(C)=O)C=C2)=O,338.0,,0.0001013372999999,Photoswitch_Experimental,M01_Photoswitch_Dataset,PS_M01_53,COc1cc(NC(C)=O)ccc1/N=N/c1ccc(NC(C)=O)cc1OC
CC(NC(C=C1OC)=CC(OC)=C1/N=N/C2=C(OC)C=C(NC(C)=O)C=C2OC)=O,345.0,80.0,5.73038e-07,Photoswitch_Experimental,M01_Photoswitch_Dataset,PS_M01_54,COc1cc(NC(C)=O)cc(OC)c1/N=N/c1c(OC)cc(NC(C)=O)cc1OC
C1(/N=N/C2=CC=CC=C2)=CC=CC=C1,319.0,,,Photoswitch_Experimental,M01_Photoswitch_Dataset,PS_M01_119,c1ccc(/N=N/c2ccccc2)cc1
BrC1=CC=CC=C1/N=N/C2=CC=CC=C2,326.0,,,Photoswitch_Experimental,M01_Photoswitch_Dataset,PS_M01_120,Brc1ccccc1/N=N/c1ccccc1
FC(F)(F)C1=CC=CC=C1/N=N/C2=CC=CC=C2,317.0,,,Photoswitch_Experimental,M01_Photoswitch_Dataset,PS_M01_121,FC(F)(F)c1ccccc1/N=N/c1ccccc1
CC1=CC=CC=C1/N=N/C2=CC=CC=C2,323.0,,,Photoswitch_Experimental,M01_Photoswitch_Dataset,PS_M01_122,Cc1ccccc1/N=N/c1ccccc1
NC1=CC=CC=C1/N=N/C2=CC=CC=C2,421.0,,,Photoswitch_Experimental,M01_Photoswitch_Dataset,PS_M01_123,Nc1ccccc1/N=N/c1ccccc1
BrC1=CC(/N=N/C2=CC=CC=C2)=CC=C1,321.0,,,Photoswitch_Experimental,M01_Photoswitch_Dataset,PS_M01_124,Brc1cccc(/N=N/c2ccccc2)c1
CC1=CC(/N=N/C2=CC=CC=C2)=CC=C1,322.0,,,Photoswitch_Experimental,M01_Photoswitch_Dataset,PS_M01_125,Cc1cccc(/N=N/c2ccccc2)c1
NC1=CC(/N=N/C2=CC=CC=C2)=CC=C1,417.0,,,Photoswitch_Experimental,M01_Photoswitch_Dataset,PS_M01_126,Nc1cccc(/N=N/c2ccccc2)c1
O=[N+]([O-])C1=CC(/N=N/C2=CC=CC=C2)=CC=C1,327.0,,,Photoswitch_Experimental,M01_Photoswitch_Dataset,PS_M01_127,O=[N+]([O-])c1cccc(/N=N/c2ccccc2)c1
BrC1=CC=C(/N=N/C2=CC=CC=C2)C=C1,329.0,,,Photoswitch_Experimental,M01_Photoswitch_Dataset,PS_M01_128,Brc1ccc(/N=N/c2ccccc2)cc1
FC(F)(F)C1=CC=C(/N=N/C2=CC=CC=C2)C=C1,315.0,,,Photoswitch_Experimental,M01_Photoswitch_Dataset,PS_M01_129,FC(F)(F)c1ccc(/N=N/c2ccccc2)cc1
ClC1=CC=C(/N=N/C2=CC=CC=C2)C=C1,324.0,,,Photoswitch_Experimental,M01_Photoswitch_Dataset,PS_M01_130,Clc1ccc(/N=N/c2ccccc2)cc1
N#CC1=CC=C(/N=N/C2=CC=CC=C2)C=C1,321.0,,,Photoswitch_Experimental,M01_Photoswitch_Dataset,PS_M01_131,N#Cc1ccc(/N=N/c2ccccc2)cc1
CC(C1=CC=C(/N=N/C2=CC=CC=C2)C=C1)=O,326.0,,,Photoswitch_Experimental,M01_Photoswitch_Dataset,PS_M01_132,CC(=O)c1ccc(/N=N/c2ccccc2)cc1
O=C(OC)C1=CC=C(/N=N/C2=CC=CC=C2)C=C1,328.0,,,Photoswitch_Experimental,M01_Photoswitch_Dataset,PS_M01_133,COC(=O)c1ccc(/N=N/c2ccccc2)cc1
FC1=CC=C(/N=N/C2=CC=CC=C2)C=C1,322.0,,,Photoswitch_Experimental,M01_Photoswitch_Dataset,PS_M01_134,Fc1ccc(/N=N/c2ccccc2)cc1
OC1=CC=C(/N=N/C2=CC=CC=C2)C=C1,339.0,,,Photoswitch_Experimental,M01_Photoswitch_Dataset,PS_M01_135,Oc1ccc(/N=N/c2ccccc2)cc1
CC1=CC=C(/N=N/C2=CC=CC=C2)C=C1,330.0,,,Photoswitch_Experimental,M01_Photoswitch_Dataset,PS_M01_137,Cc1ccc(/N=N/c2ccccc2)cc1
CCN(CC)C1=CC=C(/N=N/C2=CC=CC=C2)C=C1,416.0,,,Photoswitch_Experimental,M01_Photoswitch_Dataset,PS_M01_138,CCN(CC)c1ccc(/N=N/c2ccccc2)cc1
NC1=CC=C(/N=N/C2=CC=CC=C2)C=C1,364.0,,,Photoswitch_Experimental,M01_Photoswitch_Dataset,PS_M01_139,Nc1ccc(/N=N/c2ccccc2)cc1
CC(NC1=CC=C(/N=N/C2=CC=CC=C2)C=C1)=O,346.0,,,Photoswitch_Experimental,M01_Photoswitch_Dataset,PS_M01_140,CC(=O)Nc1ccc(/N=N/c2ccccc2)cc1
CNC1=CC=C(/N=N/C2=CC=CC=C2)C=C1,380.0,,,Photoswitch_Experimental,M01_Photoswitch_Dataset,PS_M01_141,CNc1ccc(/N=N/c2ccccc2)cc1
CN(C)C1=CC=C(/N=N/C2=CC=CC=C2)C=C1,408.0,,,Photoswitch_Experimental,M01_Photoswitch_Dataset,PS_M01_142,CN(C)c1ccc(/N=N/c2ccccc2)cc1
O=[N+]([O-])C1=CC=C(/N=N/C2=CC=CC=C2)C=C1,333.0,,,Photoswitch_Experimental,M01_Photoswitch_Dataset,PS_M01_143,O=[N+]([O-])c1ccc(/N=N/c2ccccc2)cc1
FC(F)(F)C1=C(/N=N/C2=C(C(F)(F)F)C=CC=C2)C=CC=C1,317.0,,,Photoswitch_Experimental,M01_Photoswitch_Dataset,PS_M01_145,FC(F)(F)c1ccccc1/N=N/c1ccccc1C(F)(F)F
ClC1=C(/N=N/C2=C(Cl)C=CC=C2)C=CC=C1,328.0,,,Photoswitch_Experimental,M01_Photoswitch_Dataset,PS_M01_146,Clc1ccccc1/N=N/c1ccccc1Cl
CC1=CC=CC=C1/N=N/C2=CC=CC=C2C,331.0,,,Photoswitch_Experimental,M01_Photoswitch_Dataset,PS_M01_147,Cc1ccccc1/N=N/c1ccccc1C
CC(C=CC=C1C)=C1/N=N/C2=CC=CC=C2,316.0,,,Photoswitch_Experimental,M01_Photoswitch_Dataset,PS_M01_148,Cc1cccc(C)c1/N=N/c1ccccc1
BrC1=CC=CC(/N=N/C2=CC=CC(Br)=C2)=C1,320.0,,,Photoswitch_Experimental,M01_Photoswitch_Dataset,PS_M01_149,Brc1cccc(/N=N/c2cccc(Br)c2)c1
ClC1=CC=CC(/N=N/C2=CC=CC(Cl)=C2)=C1,320.0,,,Photoswitch_Experimental,M01_Photoswitch_Dataset,PS_M01_150,Clc1cccc(/N=N/c2cccc(Cl)c2)c1
FC1=CC=CC(/N=N/C2=CC=CC(F)=C2)=C1,320.0,,,Photoswitch_Experimental,M01_Photoswitch_Dataset,PS_M01_151,Fc1cccc(/N=N/c2cccc(F)c2)c1
CC1=CC=CC(/N=N/C2=CC=CC(C)=C2)=C1,331.0,,,Photoswitch_Experimental,M01_Photoswitch_Dataset,PS_M01_152,Cc1cccc(/N=N/c2cccc(C)c2)c1
BrC1=CC=C(/N=N/C2=CC=C(Br)C=C2)C=C1,324.0,,,Photoswitch_Experimental,M01_Photoswitch_Dataset,PS_M01_153,Brc1ccc(/N=N/c2ccc(Br)cc2)cc1
ClC1=CC=C(/N=N/C2=CC=C(Cl)C=C2)C=C1,331.0,,,Photoswitch_Experimental,M01_Photoswitch_Dataset,PS_M01_154,Clc1ccc(/N=N/c2ccc(Cl)cc2)cc1
FC(F)(F)C1=CC=C(/N=N/C2=CC=C(C(F)(F)F)C=C2)C=C1,313.0,,,Photoswitch_Experimental,M01_Photoswitch_Dataset,PS_M01_155,FC(F)(F)c1ccc(/N=N/c2ccc(C(F)(F)F)cc2)cc1
FC1=CC=C(/N=N/C2=CC=C(F)C=C2)C=C1,325.0,,,Photoswitch_Experimental,M01_Photoswitch_Dataset,PS_M01_156,Fc1ccc(/N=N/c2ccc(F)cc2)cc1
CC1=CC=C(/N=N/C2=CC=C(C)C=C2)C=C1,326.0,,,Photoswitch_Experimental,M01_Photoswitch_Dataset,PS_M01_157,Cc1ccc(/N=N/c2ccc(C)cc2)cc1
CC1=C(/N=N/C2=CC=CC(C)=C2C)C=CC=C1C,332.0,,,Photoswitch_Experimental,M01_Photoswitch_Dataset,PS_M01_159,Cc1cccc(/N=N/c2cccc(C)c2C)c1C
CC1=C(/N=N/C2=CC=C(C)C=C2C)C=CC(C)=C1,346.0,,,Photoswitch_Experimental,M01_Photoswitch_Dataset,PS_M01_160,Cc1ccc(/N=N/c2ccc(C)cc2C)c(C)c1
CC1=C(/N=N/C2=CC(C)=CC=C2C)C=C(C)C=C1,336.0,,,Photoswitch_Experimental,M01_Photoswitch_Dataset,PS_M01_161,Cc1ccc(C)c(/N=N/c2cc(C)ccc2C)c1
CC1=CC(/N=N/C2=CC(C)=C(C)C=C2)=CC=C1C,333.0,,,Photoswitch_Experimental,M01_Photoswitch_Dataset,PS_M01_162,Cc1ccc(/N=N/c2ccc(C)c(C)c2)cc1C
CC1=C(Cl)C=CC=C1/N=N/C2=C(C)C(Cl)=CC=C2,329.0,,,Photoswitch_Experimental,M01_Photoswitch_Dataset,PS_M01_163,Cc1c(Cl)cccc1/N=N/c1cccc(Cl)c1C
CC1=CC(Cl)=CC=C1/N=N/C2=C(C)C=C(Cl)C=C2,346.0,,,Photoswitch_Experimental,M01_Photoswitch_Dataset,PS_M01_164,Cc1cc(Cl)ccc1/N=N/c1ccc(Cl)cc1C
BrC1=CC(Br)=CC(Br)=C1/N=N/C2=C(Br)C=C(Br)C=C2Br,302.0,,,Photoswitch_Experimental,M01_Photoswitch_Dataset,PS_M01_165,Brc1cc(Br)c(/N=N/c2c(Br)cc(Br)cc2Br)c(Br)c1
CC1=CC(C)=CC(C)=C1/N=N/C2=C(C)C=C(C)C=C2C,325.0,,,Photoswitch_Experimental,M01_Photoswitch_Dataset,PS_M01_166,Cc1cc(C)c(/N=N/c2c(C)cc(C)cc2C)c(C)c1
CCN(CC)C(C=C1)=CC=C1/N=N/C2=C(C#N)C=CC=C2,462.0,,,Photoswitch_Experimental,M01_Photoswitch_Dataset,PS_M01_167,CCN(CC)c1ccc(/N=N/c2ccccc2C#N)cc1
CN(C)C(C=C1)=CC=C1/N=N/C2=C(C(O)=O)C=CC=C2,410.0,,,Photoswitch_Experimental,M01_Photoswitch_Dataset,PS_M01_168,CN(C)c1ccc(/N=N/c2ccccc2C(=O)O)cc1
NC1=C(/N=N/C2=CC=CC=C2)C=CC(N)=C1,411.0,,,Photoswitch_Experimental,M01_Photoswitch_Dataset,PS_M01_169,Nc1ccc(/N=N/c2ccccc2)c(N)c1
O=[N+]([O-])C1=C(/N=N/C2=C([N+]([O-])=O)C=CC=C2)C=CC=C1,323.0,,,Photoswitch_Experimental,M01_Photoswitch_Dataset,PS_M01_170,O=[N+]([O-])c1ccccc1/N=N/c1ccccc1[N+](=O)[O-]
OC(C=C(O)C=C1)=C1/N=N/C2=CC=CC=C2,400.0,,,Photoswitch_Experimental,M01_Photoswitch_Dataset,PS_M01_171,Oc1ccc(/N=N/c2ccccc2)c(O)c1
OC(C=CC(C)=C1)=C1/N=N/C2=CC=CC=C2,330.0,,,Photoswitch_Experimental,M01_Photoswitch_Dataset,PS_M01_172,Cc1ccc(O)c(/N=N/c2ccccc2)c1
CCN(CC)C1=CC=C(/N=N/C2=CC(C#N)=CC=C2)C=C1,446.0,,,Photoswitch_Experimental,M01_Photoswitch_Dataset,PS_M01_173,CCN(CC)c1ccc(/N=N/c2cccc(C#N)c2)cc1
O=[N+]([O-])C1=CC=CC(/N=N/C2=CC([N+]([O-])=O)=CC=C2)=C1,311.0,,,Photoswitch_Experimental,M01_Photoswitch_Dataset,PS_M01_174,O=[N+]([O-])c1cccc(/N=N/c2cccc([N+](=O)[O-])c2)c1
BrC(C=C1)=CC=C1/N=N/C2=CC=C(N(C)C)C=C2,419.0,,,Photoswitch_Experimental,M01_Photoswitch_Dataset,PS_M01_175,CN(C)c1ccc(/N=N/c2ccc(Br)cc2)cc1
ClC(C=C1)=CC=C1/N=N/C2=CC=C(N(C)C)C=C2,416.0,,,Photoswitch_Experimental,M01_Photoswitch_Dataset,PS_M01_176,CN(C)c1ccc(/N=N/c2ccc(Cl)cc2)cc1
CN(C)C1=CC=C(/N=N/C2=CC=C(C(F)(F)F)C=C2)C=C1,427.0,,,Photoswitch_Experimental,M01_Photoswitch_Dataset,PS_M01_177,CN(C)c1ccc(/N=N/c2ccc(C(F)(F)F)cc2)cc1
CCN(CC)C1=CC=C(/N=N/C2=CC=C(C#N)C=C2)C=C1,466.0,,,Photoswitch_Experimental,M01_Photoswitch_Dataset,PS_M01_178,CCN(CC)c1ccc(/N=N/c2ccc(C#N)cc2)cc1
CN(C)C1=CC=C(/N=N/C2=CC=C(C(OC)=O)C=C2)C=C1,442.0,,,Photoswitch_Experimental,M01_Photoswitch_Dataset,PS_M01_179,COC(=O)c1ccc(/N=N/c2ccc(N(C)C)cc2)cc1
FC(C=C1)=CC=C1/N=N/C2=CC=C(N(C)C)C=C2,407.0,,,Photoswitch_Experimental,M01_Photoswitch_Dataset,PS_M01_180,CN(C)c1ccc(/N=N/c2ccc(F)cc2)cc1
CC(C=C1)=CC=C1/N=N/C2=CC=C(N(C)C)C=C2,400.0,,,Photoswitch_Experimental,M01_Photoswitch_Dataset,PS_M01_181,Cc1ccc(/N=N/c2ccc(N(C)C)cc2)cc1
CC(C=C1)=CC=C1/N=N/C2=CC=C(N(CC)CC)C=C2,411.0,,,Photoswitch_Experimental,M01_Photoswitch_Dataset,PS_M01_182,CCN(CC)c1ccc(/N=N/c2ccc(C)cc2)cc1
CCN(CC)C1=CC=C(/N=N/C2=CC=C(N(CC)CC)C=C2)C=C1,426.0,,,Photoswitch_Experimental,M01_Photoswitch_Dataset,PS_M01_183,CCN(CC)c1ccc(/N=N/c2ccc(N(CC)CC)cc2)cc1
NC1=CC=C(/N=N/C2=CC=C(N(CC)CC)C=C2)C=C1,412.0,,,Photoswitch_Experimental,M01_Photoswitch_Dataset,PS_M01_184,CCN(CC)c1ccc(/N=N/c2ccc(N)cc2)cc1
CN(C)C1=CC=C(/N=N/C2=CC=C(N(CC)CC)C=C2)C=C1,420.0,,,Photoswitch_Experimental,M01_Photoswitch_Dataset,PS_M01_185,CCN(CC)c1ccc(/N=N/c2ccc(N(C)C)cc2)cc1
CCN(CC)C(C=C1)=CC=C1/N=N/C2=CC=C([N+]([O-])=O)C=C2,482.0,,,Photoswitch_Experimental,M01_Photoswitch_Dataset,PS_M01_186,CCN(CC)c1ccc(/N=N/c2ccc([N+](=O)[O-])cc2)cc1
O=[N+]([O-])C1=CC=C(/N=N/C2=CC=C(NCCC#N)C=C2)C=C1,455.0,,,Photoswitch_Experimental,M01_Photoswitch_Dataset,PS_M01_187,N#CCCNc1ccc(/N=N/c2ccc([N+](=O)[O-])cc2)cc1
OCCNC(C=C1)=CC=C1/N=N/C2=CC=C([N+]([O-])=O)C=C2,503.0,,,Photoswitch_Experimental,M01_Photoswitch_Dataset,PS_M01_188,O=[N+]([O-])c1ccc(/N=N/c2ccc(NCCO)cc2)cc1
NC1=CC=C(/N=N/C2=CC=C(N(C)C)C=C2)C=C1,410.0,,,Photoswitch_Experimental,M01_Photoswitch_Dataset,PS_M01_189,CN(C)c1ccc(/N=N/c2ccc(N)cc2)cc1
NC1=CC=C(/N=N/C2=CC=C([N+]([O-])=O)C=C2)C=C1,441.0,,,Photoswitch_Experimental,M01_Photoswitch_Dataset,PS_M01_190,Nc1ccc(/N=N/c2ccc([N+](=O)[O-])cc2)cc1
CN(C)C(C=C1)=CC=C1/N=N/C2=CC=C(N(C)C)C=C2,455.0,,,Photoswitch_Experimental,M01_Photoswitch_Dataset,PS_M01_191,CN(C)c1ccc(/N=N/c2ccc(N(C)C)cc2)cc1
CN(C)C(C=C1)=CC=C1/N=N/C2=CC=CC=C2[N+]([O-])=O,440.0,,,Photoswitch_Experimental,M01_Photoswitch_Dataset,PS_M01_192,CN(C)c1ccc(/N=N/c2ccccc2[N+](=O)[O-])cc1
CN(C)C(C=C1)=CC=C1/N=N/C2=CC=CC([N+]([O-])=O)=C2,420.0,,,Photoswitch_Experimental,M01_Photoswitch_Dataset,PS_M01_193,CN(C)c1ccc(/N=N/c2cccc([N+](=O)[O-])c2)cc1
CN(C)C(C=C1)=CC=C1/N=N/C2=CC=C([N+]([O-])=O)C=C2,473.0,,,Photoswitch_Experimental,M01_Photoswitch_Dataset,PS_M01_194,CN(C)c1ccc(/N=N/c2ccc([N+](=O)[O-])cc2)cc1
O=[N+]([O-])C1=CC=C(/N=N/C2=CC=C(C=C2)[N+]([O-])=O)C=C1,335.0,,,Photoswitch_Experimental,M01_Photoswitch_Dataset,PS_M01_196,O=[N+]([O-])c1ccc(/N=N/c2ccc([N+](=O)[O-])cc2)cc1
OC1=CC=C(/N=N/C2=CC=C(C=C2)[N+]([O-])=O)C=C1,382.0,,,Photoswitch_Experimental,M01_Photoswitch_Dataset,PS_M01_197,O=[N+]([O-])c1ccc(/N=N/c2ccc(O)cc2)cc1
OC1=CC=C(/N=N/C2=CC=C(C=C2)O)C=C1,355.0,,,Photoswitch_Experimental,M01_Photoswitch_Dataset,PS_M01_198,Oc1ccc(/N=N/c2ccc(O)cc2)cc1
CC1=C(/N=N/C2=C(C)C=C(C=C2)N(C)C)C=CC=C1,400.0,,,Photoswitch_Experimental,M01_Photoswitch_Dataset,PS_M01_199,Cc1ccccc1/N=N/c1ccc(N(C)C)cc1C
OC1=C(/N=N/C2=CC(C)=CC(C)=C2)C=CC=C1,332.0,,,Photoswitch_Experimental,M01_Photoswitch_Dataset,PS_M01_200,Cc1cc(C)cc(/N=N/c2ccccc2O)c1
OC1=C(/N=N/C2=CC=C(NC(C)=O)C=C2)C=C(C)C=C1,357.0,,,Photoswitch_Experimental,M01_Photoswitch_Dataset,PS_M01_201,CC(=O)Nc1ccc(/N=N/c2cc(C)ccc2O)cc1
OC1=C(C(O)=O)C=C(/N=N/C2=CC=C([N+]([O-])=O)C=C2)C=C1,385.0,,,Photoswitch_Experimental,M01_Photoswitch_Dataset,PS_M01_202,O=C(O)c1cc(/N=N/c2ccc([N+](=O)[O-])cc2)ccc1O
OC(C=C1)=CC=C1/N=N/C2=CC(C)=CC(C)=C2,351.0,,,Photoswitch_Experimental,M01_Photoswitch_Dataset,PS_M01_203,Cc1cc(C)cc(/N=N/c2ccc(O)cc2)c1
CCN(CC)C(C=C1)=CC=C1/N=N/C2=C(C#N)C=C(C#N)C=C2,515.0,,,Photoswitch_Experimental,M01_Photoswitch_Dataset,PS_M01_204,CCN(CC)c1ccc(/N=N/c2ccc(C#N)cc2C#N)cc1
CCN(CC)C(C=C1)=CC=C1/N=N/C2=C(C#N)C=CC(C#N)=C2,495.0,,,Photoswitch_Experimental,M01_Photoswitch_Dataset,PS_M01_205,CCN(CC)c1ccc(/N=N/c2cc(C#N)ccc2C#N)cc1
CCN(CC)C(C=C1)=CC=C1/N=N/C2=C(C#N)C=CC=C2C#N,503.0,,,Photoswitch_Experimental,M01_Photoswitch_Dataset,PS_M01_206,CCN(CC)c1ccc(/N=N/c2c(C#N)cccc2C#N)cc1
CCN(CC)C(C=C1)=CC=C1/N=N/C2=CC(C#N)=C(C#N)C=C2,500.0,,,Photoswitch_Experimental,M01_Photoswitch_Dataset,PS_M01_207,CCN(CC)c1ccc(/N=N/c2ccc(C#N)c(C#N)c2)cc1
CCN(CC)C(C=C1)=CC=C1/N=N/C2=CC(C#N)=CC(C#N)=C2,478.0,,,Photoswitch_Experimental,M01_Photoswitch_Dataset,PS_M01_208,CCN(CC)c1ccc(/N=N/c2cc(C#N)cc(C#N)c2)cc1
OC1=C(/N=N/C2=CC=C([N+]([O-])=O)C=C2)C=CC(O)=C1,432.0,,,Photoswitch_Experimental,M01_Photoswitch_Dataset,PS_M01_209,O=[N+]([O-])c1ccc(/N=N/c2ccc(O)cc2O)cc1
CC1=C(/N=N/C2=CC=C(N(C)C)C=C2C)C=CC(Cl)=C1,411.0,,,Photoswitch_Experimental,M01_Photoswitch_Dataset,PS_M01_210,Cc1cc(Cl)ccc1/N=N/c1ccc(N(C)C)cc1C
CC1=C(/N=N/C2=CC=C(N(C)C)C=C2C)C=CC([N+]([O-])=O)=C1,452.0,,,Photoswitch_Experimental,M01_Photoswitch_Dataset,PS_M01_211,Cc1cc(N(C)C)ccc1/N=N/c1ccc([N+](=O)[O-])cc1C
CC1=C(/N=N/C2=CC=C(N(C)C)C=C2C)C=C([N+]([O-])=O)C=C1,425.0,,,Photoswitch_Experimental,M01_Photoswitch_Dataset,PS_M01_212,Cc1cc(N(C)C)ccc1/N=N/c1cc([N+](=O)[O-])ccc1C
CC1=C(/N=N/C2=CC=C(N(C)C)C=C2C)C=CC(C)=C1,399.0,,,Photoswitch_Experimental,M01_Photoswitch_Dataset,PS_M01_213,Cc1ccc(/N=N/c2ccc(N(C)C)cc2C)c(C)c1
CC1=CC(N(CC)CC)=CC=C1/N=N/C2=C(C#N)C=C(C#N)C=C2C#N,562.0,,,Photoswitch_Experimental,M01_Photoswitch_Dataset,PS_M01_214,CCN(CC)c1ccc(/N=N/c2c(C#N)cc(C#N)cc2C#N)c(C)c1
OC1=C([N+]([O-])=O)C=C([N+]([O-])=O)C=C1/N=N/C2=C(O)C=CC(C)=C2,400.0,,,Photoswitch_Experimental,M01_Photoswitch_Dataset,PS_M01_215,Cc1ccc(O)c(/N=N/c2cc([N+](=O)[O-])cc([N+](=O)[O-])c2O)c1
OC(C([N+]([O-])=O)=CC([N+]([O-])=O)=C1)=C1/N=N/C2=CC(C)=CC(NC(C)=O)=C2O,400.0,,,Photoswitch_Experimental,M01_Photoswitch_Dataset,PS_M01_216,CC(=O)Nc1cc(C)cc(/N=N/c2cc([N+](=O)[O-])cc([N+](=O)[O-])c2O)c1O
OC(C([N+]([O-])=O)=CC([N+]([O-])=O)=C1)=C1/N=N/C2=CC(Cl)=C(N)C=C2N,492.0,,,Photoswitch_Experimental,M01_Photoswitch_Dataset,PS_M01_217,Nc1cc(N)c(/N=N/c2cc([N+](=O)[O-])cc([N+](=O)[O-])c2O)cc1Cl
CC1=C([N+]([O-])=O)C(C)=CC(/N=N/C2=CC(C)=C(N(C)C)C(C)=C2)=C1,382.0,,,Photoswitch_Experimental,M01_Photoswitch_Dataset,PS_M01_218,Cc1cc(/N=N/c2cc(C)c([N+](=O)[O-])c(C)c2)cc(C)c1N(C)C
[H]C1=CC([N+]([O-])=O)=CC([H])=C1/N=N/C2=CC([H])=C(C=C2OC)N(CC)CC,501.0,,,Photoswitch_Experimental,M01_Photoswitch_Dataset,PS_M01_228,CCN(CC)c1ccc(/N=N/c2ccc([N+](=O)[O-])cc2)c(OC)c1
NC1=C(OC)C=C(/N=N/C2=C([H])C=C([N+]([O-])=O)C=C2[H])C([H])=C1,488.0,,,Photoswitch_Experimental,M01_Photoswitch_Dataset,PS_M01_229,COc1cc(/N=N/c2ccc([N+](=O)[O-])cc2)ccc1N
[H]C1=CC([N+]([O-])=O)=CC(Cl)=C1/N=N/C2=CC([H])=C(C=C2[H])N(CC)CC,512.0,,,Photoswitch_Experimental,M01_Photoswitch_Dataset,PS_M01_231,CCN(CC)c1ccc(/N=N/c2ccc([N+](=O)[O-])cc2Cl)cc1
[H]C1=CC([N+]([O-])=O)=CC([N+]([O-])=O)=C1/N=N/C2=CC([H])=C(C=C2[H])N(CC)CC,532.0,,,Photoswitch_Experimental,M01_Photoswitch_Dataset,PS_M01_232,CCN(CC)c1ccc(/N=N/c2ccc([N+](=O)[O-])cc2[N+](=O)[O-])cc1
[H]C1=CC([N+]([O-])=O)=CC(C#N)=C1/N=N/C2=CC([H])=C(C=C2[H])N(CC)CC,542.0,,,Photoswitch_Experimental,M01_Photoswitch_Dataset,PS_M01_233,CCN(CC)c1ccc(/N=N/c2ccc([N+](=O)[O-])cc2C#N)cc1
BrC1=CC([N+]([O-])=O)=CC([N+]([O-])=O)=C1/N=N/C2=CC([H])=C(C=C2[H])N(CC)CC,540.0,,,Photoswitch_Experimental,M01_Photoswitch_Dataset,PS_M01_234,CCN(CC)c1ccc(/N=N/c2c(Br)cc([N+](=O)[O-])cc2[N+](=O)[O-])cc1
ClC1=CC([N+]([O-])=O)=CC(C#N)=C1/N=N/C2=CC([H])=C(C=C2[H])N(CC)CC,551.0,,,Photoswitch_Experimental,M01_Photoswitch_Dataset,PS_M01_235,CCN(CC)c1ccc(/N=N/c2c(Cl)cc([N+](=O)[O-])cc2C#N)cc1
[H]C1=C(C=C([H])C(/N=N/C2=C(C#N)C=C([N+]([O-])=O)C=C2C#N)=C1)N(CC)CC,592.0,,,Photoswitch_Experimental,M01_Photoswitch_Dataset,PS_M01_236,CCN(CC)c1ccc(/N=N/c2c(C#N)cc([N+](=O)[O-])cc2C#N)cc1
[H]C3=CC([N+]([O-])=O)=CC(Cl)=C3/N=N/C4=CC([H])=C(C=C4OC)N(CC)CC,526.0,,,Photoswitch_Experimental,M01_Photoswitch_Dataset,PS_M01_238,CCN(CC)c1ccc(/N=N/c2ccc([N+](=O)[O-])cc2Cl)c(OC)c1
[H]C5=CC([N+]([O-])=O)=CC([N+]([O-])=O)=C5/N=N/C6=CC([H])=C(C=C6OC)N(CC)CC,545.0,,,Photoswitch_Experimental,M01_Photoswitch_Dataset,PS_M01_239,CCN(CC)c1ccc(/N=N/c2ccc([N+](=O)[O-])cc2[N+](=O)[O-])c(OC)c1
[H]C7=CC([N+]([O-])=O)=CC(C#N)=C7/N=N/C8=CC([H])=C(C=C8OC)N(CC)CC,555.0,,,Photoswitch_Experimental,M01_Photoswitch_Dataset,PS_M01_240,CCN(CC)c1ccc(/N=N/c2ccc([N+](=O)[O-])cc2C#N)c(OC)c1
BrC9=CC([N+]([O-])=O)=CC([N+]([O-])=O)=C9/N=N/C%10=CC([H])=C(C=C%10OC)N(CC)CC,554.0,,,Photoswitch_Experimental,M01_Photoswitch_Dataset,PS_M01_241,CCN(CC)c1ccc(/N=N/c2c(Br)cc([N+](=O)[O-])cc2[N+](=O)[O-])c(OC)c1
ClC%11=CC([N+]([O-])=O)=CC(C#N)=C%11/N=N/C%12=CC([H])=C(C=C%12OC)N(CC)CC,565.0,,,Photoswitch_Experimental,M01_Photoswitch_Dataset,PS_M01_242,CCN(CC)c1ccc(/N=N/c2c(Cl)cc([N+](=O)[O-])cc2C#N)c(OC)c1
[H]C%13=C(C=C(OC)C(/N=N/C%14=C(C#N)C=C([N+]([O-])=O)C=C%14C#N)=C%13)N(CC)CC,601.0,,,Photoswitch_Experimental,M01_Photoswitch_Dataset,PS_M01_243,CCN(CC)c1ccc(/N=N/c2c(C#N)cc([N+](=O)[O-])cc2C#N)c(OC)c1
[H]C1=CC([N+]([O-])=O)=CC([H])=C1/N=N/C2=CC(OC)=C(C=C2)N(CC)CC,492.0,,,Photoswitch_Experimental,M01_Photoswitch_Dataset,PS_M01_244,CCN(CC)c1ccc(/N=N/c2ccc([N+](=O)[O-])cc2)cc1OC
[H]C3=CC([N+]([O-])=O)=CC(Cl)=C3/N=N/C4=CC(OC)=C(C=C4)N(CC)CC,518.0,,,Photoswitch_Experimental,M01_Photoswitch_Dataset,PS_M01_245,CCN(CC)c1ccc(/N=N/c2ccc([N+](=O)[O-])cc2Cl)cc1OC
[H]C5=CC([N+]([O-])=O)=CC([N+]([O-])=O)=C5/N=N/C6=CC(OC)=C(C=C6)N(CC)CC,540.0,,,Photoswitch_Experimental,M01_Photoswitch_Dataset,PS_M01_246,CCN(CC)c1ccc(/N=N/c2ccc([N+](=O)[O-])cc2[N+](=O)[O-])cc1OC
[H]C7=CC([N+]([O-])=O)=CC(C#N)=C7/N=N/C8=CC(OC)=C(C=C8)N(CC)CC,555.0,,,Photoswitch_Experimental,M01_Photoswitch_Dataset,PS_M01_247,CCN(CC)c1ccc(/N=N/c2ccc([N+](=O)[O-])cc2C#N)cc1OC
BrC9=CC([N+]([O-])=O)=CC([N+]([O-])=O)=C9/N=N/C%10=CC(OC)=C(C=C%10)N(CC)CC,549.0,,,Photoswitch_Experimental,M01_Photoswitch_Dataset,PS_M01_248,CCN(CC)c1ccc(/N=N/c2c(Br)cc([N+](=O)[O-])cc2[N+](=O)[O-])cc1OC
ClC%11=CC([N+]([O-])=O)=CC(C#N)=C%11/N=N/C%12=CC(OC)=C(C=C%12)N(CC)CC,573.0,,,Photoswitch_Experimental,M01_Photoswitch_Dataset,PS_M01_249,CCN(CC)c1ccc(/N=N/c2c(Cl)cc([N+](=O)[O-])cc2C#N)cc1OC
CCN(C%13=C(OC)C=C(/N=N/C%14=C(C#N)C=C([N+]([O-])=O)C=C%14C#N)C=C%13)CC,623.0,,,Photoswitch_Experimental,M01_Photoswitch_Dataset,PS_M01_250,CCN(CC)c1ccc(/N=N/c2c(C#N)cc([N+](=O)[O-])cc2C#N)cc1OC
CC(C=C(N(CCC#N)CCO)C=C1)=C1/N=N/C2=CC=CC=C2,403.0,,,Photoswitch_Experimental,M01_Photoswitch_Dataset,PS_M01_251,Cc1cc(N(CCO)CCC#N)ccc1/N=N/c1ccccc1
CC(C=C(N(CCC#N)CCO)C=C1)=C1/N=N/C2=CC=CC=C2[N+]([O-])=O,429.0,,,Photoswitch_Experimental,M01_Photoswitch_Dataset,PS_M01_252,Cc1cc(N(CCO)CCC#N)ccc1/N=N/c1ccccc1[N+](=O)[O-]
CC(C=C(N(CCC#N)CCO)C=C1)=C1/N=N/C2=CC=CC([N+]([O-])=O)=C2,424.0,,,Photoswitch_Experimental,M01_Photoswitch_Dataset,PS_M01_253,Cc1cc(N(CCO)CCC#N)ccc1/N=N/c1cccc([N+](=O)[O-])c1
CC(C=C(N(CCC#N)CCO)C=C1)=C1/N=N/C2=CC=C([N+]([O-])=O)C=C2,461.0,,,Photoswitch_Experimental,M01_Photoswitch_Dataset,PS_M01_254,Cc1cc(N(CCO)CCC#N)ccc1/N=N/c1ccc([N+](=O)[O-])cc1
CC(C=C(N(CCC#N)CCO)C=C1)=C1/N=N/C2=CC=CC=C2Br,417.0,,,Photoswitch_Experimental,M01_Photoswitch_Dataset,PS_M01_255,Cc1cc(N(CCO)CCC#N)ccc1/N=N/c1ccccc1Br
CC(C=C(N(CCC#N)CCO)C=C1)=C1/N=N/C2=CC=CC(Br)=C2,414.0,,,Photoswitch_Experimental,M01_Photoswitch_Dataset,PS_M01_256,Cc1cc(N(CCO)CCC#N)ccc1/N=N/c1cccc(Br)c1
CC(C=C(N(CCC#N)CCO)C=C1)=C1/N=N/C2=CC=CC=C2Cl,412.0,,,Photoswitch_Experimental,M01_Photoswitch_Dataset,PS_M01_257,Cc1cc(N(CCO)CCC#N)ccc1/N=N/c1ccccc1Cl
CC(C=C(N(CCC#N)CCO)C=C1)=C1/N=N/C2=CC=CC(Cl)=C2,410.0,,,Photoswitch_Experimental,M01_Photoswitch_Dataset,PS_M01_258,Cc1cc(N(CCO)CCC#N)ccc1/N=N/c1cccc(Cl)c1
CC(C=C(N(CCC#N)CCO)C=C1)=C1/N=N/C2=CC=C(Cl)C=C2,413.0,,,Photoswitch_Experimental,M01_Photoswitch_Dataset,PS_M01_259,Cc1cc(N(CCO)CCC#N)ccc1/N=N/c1ccc(Cl)cc1
CC(C=C(N(CCC#N)CCO)C=C1)=C1/N=N/C2=C(F)C=CC=C2,417.0,,,Photoswitch_Experimental,M01_Photoswitch_Dataset,PS_M01_260,Cc1cc(N(CCO)CCC#N)ccc1/N=N/c1ccccc1F
CC(C=C(N(CCC#N)CCO)C=C1)=C1/N=N/C2=CC(F)=CC=C2,415.0,,,Photoswitch_Experimental,M01_Photoswitch_Dataset,PS_M01_261,Cc1cc(N(CCO)CCC#N)ccc1/N=N/c1cccc(F)c1
CC(C=C(N(CCC#N)CCO)C=C1)=C1/N=N/C2=C(C(F)(F)F)C=CC=C2,419.0,,,Photoswitch_Experimental,M01_Photoswitch_Dataset,PS_M01_262,Cc1cc(N(CCO)CCC#N)ccc1/N=N/c1ccccc1C(F)(F)F
CC(C=C(N(CCC#N)CCO)C=C1)=C1/N=N/C2=CC(C(F)(F)F)=CC=C2,418.0,,,Photoswitch_Experimental,M01_Photoswitch_Dataset,PS_M01_263,Cc1cc(N(CCO)CCC#N)ccc1/N=N/c1cccc(C(F)(F)F)c1
CC(C=C(N(CCC#N)CCO)C=C1)=C1/N=N/C2=CC=C(C(F)(F)F)C=C2,421.0,,,Photoswitch_Experimental,M01_Photoswitch_Dataset,PS_M01_264,Cc1cc(N(CCO)CCC#N)ccc1/N=N/c1ccc(C(F)(F)F)cc1
CC(C=C(N(CCC#N)CCO)C=C1)=C1/N=N/C2=C(C#N)C=CC=C2,438.0,,,Photoswitch_Experimental,M01_Photoswitch_Dataset,PS_M01_265,Cc1cc(N(CCO)CCC#N)ccc1/N=N/c1ccccc1C#N
CC(C=C(N(CCC#N)CCO)C=C1)=C1/N=N/C2=CC=C(C#N)C=C2,437.0,,,Photoswitch_Experimental,M01_Photoswitch_Dataset,PS_M01_266,Cc1cc(N(CCO)CCC#N)ccc1/N=N/c1ccc(C#N)cc1
CC(C=C(N(CCC#N)CCO)C=C1)=C1/N=N/C2=C(OC)C=CC=C2,409.0,,,Photoswitch_Experimental,M01_Photoswitch_Dataset,PS_M01_267,COc1ccccc1/N=N/c1ccc(N(CCO)CCC#N)cc1C
CC(C=C(N(CCC#N)CCO)C=C1)=C1/N=N/C2=CC(OC)=CC=C2,407.0,,,Photoswitch_Experimental,M01_Photoswitch_Dataset,PS_M01_268,COc1cccc(/N=N/c2ccc(N(CCO)CCC#N)cc2C)c1
CC(C=C(N(CCC#N)CCO)C=C1)=C1/N=N/C2=C(C)C=CC=C2,405.0,,,Photoswitch_Experimental,M01_Photoswitch_Dataset,PS_M01_269,Cc1ccccc1/N=N/c1ccc(N(CCO)CCC#N)cc1C
CC(C=C(N(CCC#N)CCO)C=C1)=C1/N=N/C2=CC(C)=CC=C2,402.0,,,Photoswitch_Experimental,M01_Photoswitch_Dataset,PS_M01_270,Cc1cccc(/N=N/c2ccc(N(CCO)CCC#N)cc2C)c1
CC(C=C(N(CCC#N)CCO)C=C1)=C1/N=N/C2=CC=C(C)C=C2,402.0,,,Photoswitch_Experimental,M01_Photoswitch_Dataset,PS_M01_271,Cc1ccc(/N=N/c2ccc(N(CCO)CCC#N)cc2C)cc1
CC(C=C(N(CCC#N)CCO)C=C1)=C1/N=N/C2=CC(C(O)C)=CC=C2,405.0,,,Photoswitch_Experimental,M01_Photoswitch_Dataset,PS_M01_272,Cc1cc(N(CCO)CCC#N)ccc1/N=N/c1cccc(C(C)O)c1
CC(C=C(N(CCC#N)CCO)C=C1)=C1/N=N/C2=CC=C(S(=O)(C)=O)C=C2,434.0,,,Photoswitch_Experimental,M01_Photoswitch_Dataset,PS_M01_273,Cc1cc(N(CCO)CCC#N)ccc1/N=N/c1ccc(S(C)(=O)=O)cc1
CC(C=C(N(CCC#N)CCO)C=C1)=C1/N=N/C2=CC=C(C(C)=O)C=C2,412.0,,,Photoswitch_Experimental,M01_Photoswitch_Dataset,PS_M01_274,CC(=O)c1ccc(/N=N/c2ccc(N(CCO)CCC#N)cc2C)cc1
N#CCCNC(C=C1)=CC=C1/N=N/C2=CC=CC=C2,396.0,,,Photoswitch_Experimental,M01_Photoswitch_Dataset,PS_M01_275,N#CCCNc1ccc(/N=N/c2ccccc2)cc1
N#CCCNC(C=C1)=CC=C1/N=N/C2=CC=CC=C2[N+]([O-])=O,422.0,,,Photoswitch_Experimental,M01_Photoswitch_Dataset,PS_M01_276,N#CCCNc1ccc(/N=N/c2ccccc2[N+](=O)[O-])cc1
N#CCCNC(C=C1)=CC=C1/N=N/C2=CC=CC([N+]([O-])=O)=C2,418.0,,,Photoswitch_Experimental,M01_Photoswitch_Dataset,PS_M01_277,N#CCCNc1ccc(/N=N/c2cccc([N+](=O)[O-])c2)cc1
ClC1=CC=CC=C1/N=N/C2=CC=C(NCCC#N)C=C2,408.0,,,Photoswitch_Experimental,M01_Photoswitch_Dataset,PS_M01_278,N#CCCNc1ccc(/N=N/c2ccccc2Cl)cc1
ClC1=CC(/N=N/C2=CC=C(NCCC#N)C=C2)=CC=C1,408.0,,,Photoswitch_Experimental,M01_Photoswitch_Dataset,PS_M01_279,N#CCCNc1ccc(/N=N/c2cccc(Cl)c2)cc1
ClC1=CC=C(/N=N/C2=CC=C(NCCC#N)C=C2)C=C1,404.0,,,Photoswitch_Experimental,M01_Photoswitch_Dataset,PS_M01_280,N#CCCNc1ccc(/N=N/c2ccc(Cl)cc2)cc1
FC1=CC=CC=C1/N=N/C2=CC=C(NCCC#N)C=C2,404.0,,,Photoswitch_Experimental,M01_Photoswitch_Dataset,PS_M01_281,N#CCCNc1ccc(/N=N/c2ccccc2F)cc1
FC1=CC(/N=N/C2=CC=C(NCCC#N)C=C2)=CC=C1,406.0,,,Photoswitch_Experimental,M01_Photoswitch_Dataset,PS_M01_282,N#CCCNc1ccc(/N=N/c2cccc(F)c2)cc1
FC1=CC=C(/N=N/C2=CC=C(NCCC#N)C=C2)C=C1,398.0,,,Photoswitch_Experimental,M01_Photoswitch_Dataset,PS_M01_283,N#CCCNc1ccc(/N=N/c2ccc(F)cc2)cc1
N#CCCNC(C=C1)=CC=C1/N=N/C2=CC=C(C(F)(F)F)C=C2,411.0,,,Photoswitch_Experimental,M01_Photoswitch_Dataset,PS_M01_284,N#CCCNc1ccc(/N=N/c2ccc(C(F)(F)F)cc2)cc1
N#CCCNC(C=C1)=CC=C1/N=N/C2=CC=CC=C2C#N,429.0,,,Photoswitch_Experimental,M01_Photoswitch_Dataset,PS_M01_285,N#CCCNc1ccc(/N=N/c2ccccc2C#N)cc1
N#CCCNC(C=C1)=CC=C1/N=N/C2=CC=C(C#N)C=C2,428.0,,,Photoswitch_Experimental,M01_Photoswitch_Dataset,PS_M01_286,N#CCCNc1ccc(/N=N/c2ccc(C#N)cc2)cc1
N#CCCNC(C=C1)=CC=C1/N=N/C2=CC=CC=C2OC,394.0,,,Photoswitch_Experimental,M01_Photoswitch_Dataset,PS_M01_287,COc1ccccc1/N=N/c1ccc(NCCC#N)cc1
N#CCCNC(C=C1)=CC=C1/N=N/C2=CC=CC(OC)=C2,394.0,,,Photoswitch_Experimental,M01_Photoswitch_Dataset,PS_M01_288,COc1cccc(/N=N/c2ccc(NCCC#N)cc2)c1
N#CCCNC(C=C1)=CC=C1/N=N/C2=CC=C(OC)C=C2,395.0,,,Photoswitch_Experimental,M01_Photoswitch_Dataset,PS_M01_289,COc1ccc(/N=N/c2ccc(NCCC#N)cc2)cc1
CC1=CC=CC=C1/N=N/C2=CC=C(NCCC#N)C=C2,400.0,,,Photoswitch_Experimental,M01_Photoswitch_Dataset,PS_M01_290,Cc1ccccc1/N=N/c1ccc(NCCC#N)cc1
CC1=CC(/N=N/C2=CC=C(NCCC#N)C=C2)=CC=C1,400.0,,,Photoswitch_Experimental,M01_Photoswitch_Dataset,PS_M01_291,Cc1cccc(/N=N/c2ccc(NCCC#N)cc2)c1
CC1=CC=C(/N=N/C2=CC=C(NCCC#N)C=C2)C=C1,395.0,,,Photoswitch_Experimental,M01_Photoswitch_Dataset,PS_M01_292,Cc1ccc(/N=N/c2ccc(NCCC#N)cc2)cc1
OCCC1=CC=CC=C1/N=N/C2=CC=C(NCCC#N)C=C2,399.0,,,Photoswitch_Experimental,M01_Photoswitch_Dataset,PS_M01_293,N#CCCNc1ccc(/N=N/c2ccccc2CCO)cc1
CC(O)C1=CC(/N=N/C2=CC=C(NCCC#N)C=C2)=CC=C1,396.0,,,Photoswitch_Experimental,M01_Photoswitch_Dataset,PS_M01_294,CC(O)c1cccc(/N=N/c2ccc(NCCC#N)cc2)c1
OCCC1=CC=C(/N=N/C2=CC=C(NCCC#N)C=C2)C=C1,396.0,,,Photoswitch_Experimental,M01_Photoswitch_Dataset,PS_M01_295,N#CCCNc1ccc(/N=N/c2ccc(CCO)cc2)cc1
O=C(C)NC1=CC=C(/N=N/C2=CC=C(NCCC#N)C=C2)C=C1,403.0,,,Photoswitch_Experimental,M01_Photoswitch_Dataset,PS_M01_296,CC(=O)Nc1ccc(/N=N/c2ccc(NCCC#N)cc2)cc1
[H]N(CC)C(C=C3)=CC=C3/N=N/C4=CC=CC=C4,400.0,,,Photoswitch_Experimental,M01_Photoswitch_Dataset,PS_M01_298,CCNc1ccc(/N=N/c2ccccc2)cc1
[H]N(CCO)C(C=C5)=CC=C5/N=N/C6=CC=CC=C6,398.0,,,Photoswitch_Experimental,M01_Photoswitch_Dataset,PS_M01_299,OCCNc1ccc(/N=N/c2ccccc2)cc1
CC9=CC(NCCC#N)=CC=C9/N=N/C%10=CC=CC=C%10,396.0,,,Photoswitch_Experimental,M01_Photoswitch_Dataset,PS_M01_301,Cc1cc(NCCC#N)ccc1/N=N/c1ccccc1
OCCN(CCO)C(C=C%11)=CC=C%11/N=N/C%12=CC=CC=C%12,407.0,,,Photoswitch_Experimental,M01_Photoswitch_Dataset,PS_M01_302,OCCN(CCO)c1ccc(/N=N/c2ccccc2)cc1
OCCN(CCC#N)C(C=C%13)=CC=C%13/N=N/C%14=CC=CC=C%14,397.0,,,Photoswitch_Experimental,M01_Photoswitch_Dataset,PS_M01_303,N#CCCN(CCO)c1ccc(/N=N/c2ccccc2)cc1
CN(CCC#N)C(C=C%17)=CC=C%17/N=N/C%18=CC=CC=C%18,396.0,,,Photoswitch_Experimental,M01_Photoswitch_Dataset,PS_M01_305,CN(CCC#N)c1ccc(/N=N/c2ccccc2)cc1
CCN(CCC#N)C(C=C%19)=CC=C%19/N=N/C%20=CC=CC=C%20,399.0,,,Photoswitch_Experimental,M01_Photoswitch_Dataset,PS_M01_306,CCN(CCC#N)c1ccc(/N=N/c2ccccc2)cc1
CCN(CCC#N)C(C=C%21C)=CC=C%21/N=N/C%22=CC=CC=C%22,404.0,,,Photoswitch_Experimental,M01_Photoswitch_Dataset,PS_M01_307,CCN(CCC#N)c1ccc(/N=N/c2ccccc2)c(C)c1
N#CCCN(CCC#N)C(C=C%23)=CC=C%23/N=N/C%24=CC=CC=C%24,382.0,,,Photoswitch_Experimental,M01_Photoswitch_Dataset,PS_M01_308,N#CCCN(CCC#N)c1ccc(/N=N/c2ccccc2)cc1
CC1=CC(N(CCC#N)CCC#N)=CC=C1/N=N/C2=CC=CC=C2,392.0,,,Photoswitch_Experimental,M01_Photoswitch_Dataset,PS_M01_309,Cc1cc(N(CCC#N)CCC#N)ccc1/N=N/c1ccccc1
[H]N(C)C(C=C1)=CC=C1/N=N/C2=CC=C([N+]([O-])=O)C=C2,464.0,,,Photoswitch_Experimental,M01_Photoswitch_Dataset,PS_M01_310,CNc1ccc(/N=N/c2ccc([N+](=O)[O-])cc2)cc1
[H]N(CC)C(C=C3)=CC=C3/N=N/C4=CC=C([N+]([O-])=O)C=C4,468.0,,,Photoswitch_Experimental,M01_Photoswitch_Dataset,PS_M01_311,CCNc1ccc(/N=N/c2ccc([N+](=O)[O-])cc2)cc1
CC9=CC(NCCC#N)=CC=C9/N=N/C%10=CC=C([N+]([O-])=O)C=C%10,451.0,,,Photoswitch_Experimental,M01_Photoswitch_Dataset,PS_M01_314,Cc1cc(NCCC#N)ccc1/N=N/c1ccc([N+](=O)[O-])cc1
OCCN(CCO)C(C=C%11)=CC=C%11/N=N/C%12=CC=C([N+]([O-])=O)C=C%12,475.0,,,Photoswitch_Experimental,M01_Photoswitch_Dataset,PS_M01_315,O=[N+]([O-])c1ccc(/N=N/c2ccc(N(CCO)CCO)cc2)cc1
OCCN(CCC#N)C(C=C%13)=CC=C%13/N=N/C%14=CC=C([N+]([O-])=O)C=C%14,451.0,,,Photoswitch_Experimental,M01_Photoswitch_Dataset,PS_M01_316,N#CCCN(CCO)c1ccc(/N=N/c2ccc([N+](=O)[O-])cc2)cc1
CN(CCC#N)C(C=C%17)=CC=C%17/N=N/C%18=CC=C([N+]([O-])=O)C=C%18,448.0,,,Photoswitch_Experimental,M01_Photoswitch_Dataset,PS_M01_318,CN(CCC#N)c1ccc(/N=N/c2ccc([N+](=O)[O-])cc2)cc1
CCN(CCC#N)C(C=C%19)=CC=C%19/N=N/C%20=CC=C([N+]([O-])=O)C=C%20,452.0,,,Photoswitch_Experimental,M01_Photoswitch_Dataset,PS_M01_319,CCN(CCC#N)c1ccc(/N=N/c2ccc([N+](=O)[O-])cc2)cc1
CCN(CCC#N)C(C=C%21C)=CC=C%21/N=N/C%22=CC=C([N+]([O-])=O)C=C%22,463.0,,,Photoswitch_Experimental,M01_Photoswitch_Dataset,PS_M01_320,CCN(CCC#N)c1ccc(/N=N/c2ccc([N+](=O)[O-])cc2)c(C)c1
N#CCCN(CCC#N)C(C=C%23)=CC=C%23/N=N/C%24=CC=C([N+]([O-])=O)C=C%24,432.0,,,Photoswitch_Experimental,M01_Photoswitch_Dataset,PS_M01_321,N#CCCN(CCC#N)c1ccc(/N=N/c2ccc([N+](=O)[O-])cc2)cc1
CC1=CC(N(CCC#N)CCC#N)=CC=C1/N=N/C2=CC=C([N+]([O-])=O)C=C2,441.0,,,Photoswitch_Experimental,M01_Photoswitch_Dataset,PS_M01_322,Cc1cc(N(CCC#N)CCC#N)ccc1/N=N/c1ccc([N+](=O)[O-])cc1
CC1=NOC(C)=C1/N=N/C2=CC=CC=C2,315.0,65.0,,Photoswitch_Experimental,M01_Photoswitch_Dataset,PS_M01_86,Cc1noc(C)c1/N=N/c1ccccc1
CC1=NOC(C)=C1/N=N/C2=C(F)C=CC=C2,321.0,48.0,,Photoswitch_Experimental,M01_Photoswitch_Dataset,PS_M01_87,Cc1noc(C)c1/N=N/c1ccccc1F
CC1=NOC(C)=C1/N=N/C2=CC(F)=CC=C2,315.0,,,Photoswitch_Experimental,M01_Photoswitch_Dataset,PS_M01_88,Cc1noc(C)c1/N=N/c1cccc(F)c1
CC1=NOC(C)=C1/N=N/C2=CC=C(F)C=C2,318.0,,,Photoswitch_Experimental,M01_Photoswitch_Dataset,PS_M01_89,Cc1noc(C)c1/N=N/c1ccc(F)cc1
CC1=NOC(C)=C1/N=N/C2=C(Cl)C=CC=C2,321.0,,,Photoswitch_Experimental,M01_Photoswitch_Dataset,PS_M01_90,Cc1noc(C)c1/N=N/c1ccccc1Cl
CC1=NOC(C)=C1/N=N/C2=CC(Cl)=CC=C2,315.0,,,Photoswitch_Experimental,M01_Photoswitch_Dataset,PS_M01_91,Cc1noc(C)c1/N=N/c1cccc(Cl)c1
CC1=NOC(C)=C1/N=N/C2=CC=C(Cl)C=C2,323.0,,,Photoswitch_Experimental,M01_Photoswitch_Dataset,PS_M01_92,Cc1noc(C)c1/N=N/c1ccc(Cl)cc1
CC1=NOC(C)=C1/N=N/C2=C(Br)C=CC=C2,321.0,,,Photoswitch_Experimental,M01_Photoswitch_Dataset,PS_M01_93,Cc1noc(C)c1/N=N/c1ccccc1Br
CC1=NOC(C)=C1/N=N/C2=CC(Br)=CC=C2,315.0,,,Photoswitch_Experimental,M01_Photoswitch_Dataset,PS_M01_94,Cc1noc(C)c1/N=N/c1cccc(Br)c1
CC1=NOC(C)=C1/N=N/C2=CC=C(Br)C=C2,325.0,,,Photoswitch_Experimental,M01_Photoswitch_Dataset,PS_M01_95,Cc1noc(C)c1/N=N/c1ccc(Br)cc1
CC1=NOC(C)=C1/N=N/C2=CC=C(I)C=C2,330.0,,,Photoswitch_Experimental,M01_Photoswitch_Dataset,PS_M01_96,Cc1noc(C)c1/N=N/c1ccc(I)cc1
CC1=NOC(C)=C1/N=N/C2=CC(O)=CC=C2,313.0,,,Photoswitch_Experimental,M01_Photoswitch_Dataset,PS_M01_97,Cc1noc(C)c1/N=N/c1cccc(O)c1
CC1=NOC(C)=C1/N=N/C2=CC(C(F)(F)F)=CC=C2,314.0,,,Photoswitch_Experimental,M01_Photoswitch_Dataset,PS_M01_98,Cc1noc(C)c1/N=N/c1cccc(C(F)(F)F)c1
CC1=NOC(C)=C1/N=N/C2=CC=C(C(F)(F)F)C=C2,312.0,,,Photoswitch_Experimental,M01_Photoswitch_Dataset,PS_M01_99,Cc1noc(C)c1/N=N/c1ccc(C(F)(F)F)cc1
CC1=NOC(C)=C1/N=N/C2=C(OC)C=CC=C2,311.0,,,Photoswitch_Experimental,M01_Photoswitch_Dataset,PS_M01_100,COc1ccccc1/N=N/c1c(C)noc1C
CC1=NOC(C)=C1/N=N/C2=CC(OC)=CC=C2,312.0,,,Photoswitch_Experimental,M01_Photoswitch_Dataset,PS_M01_101,COc1cccc(/N=N/c2c(C)noc2C)c1
CC1=NOC(C)=C1/N=N/C2=CC=C(OC)C=C2,337.0,,,Photoswitch_Experimental,M01_Photoswitch_Dataset,PS_M01_102,COc1ccc(/N=N/c2c(C)noc2C)cc1
CC1=NOC(C)=C1/N=N/C2=C([N+]([O-])=O)C=CC=C2,318.0,,,Photoswitch_Experimental,M01_Photoswitch_Dataset,PS_M01_103,Cc1noc(C)c1/N=N/c1ccccc1[N+](=O)[O-]
CC1=NOC(C)=C1/N=N/C2=CC=C([N+]([O-])=O)C=C2,332.0,,,Photoswitch_Experimental,M01_Photoswitch_Dataset,PS_M01_104,Cc1noc(C)c1/N=N/c1ccc([N+](=O)[O-])cc1
CC1=NOC(C)=C1/N=N/C2=CC=C(C)C=C2,323.0,,,Photoswitch_Experimental,M01_Photoswitch_Dataset,PS_M01_105,Cc1ccc(/N=N/c2c(C)noc2C)cc1
CC1=NOC(C)=C1/N=N/C2=CC(NC(C)=O)=CC=C2,315.0,,,Photoswitch_Experimental,M01_Photoswitch_Dataset,PS_M01_106,CC(=O)Nc1cccc(/N=N/c2c(C)noc2C)c1
CC1=NOC(C)=C1/N=N/C2=CC=C(NC(C)=O)C=C2,342.0,,,Photoswitch_Experimental,M01_Photoswitch_Dataset,PS_M01_107,CC(=O)Nc1ccc(/N=N/c2c(C)noc2C)cc1
CC1=C(/N=N/C2=CC(Cl)=CC=C2Cl)C(C)=NO1,320.0,,,Photoswitch_Experimental,M01_Photoswitch_Dataset,PS_M01_109,Cc1noc(C)c1/N=N/c1cc(Cl)ccc1Cl
CC1=C(/N=N/C2=C(Cl)C=CC=C2Cl)C(C)=NO1,297.0,,,Photoswitch_Experimental,M01_Photoswitch_Dataset,PS_M01_110,Cc1noc(C)c1/N=N/c1c(Cl)cccc1Cl
CC1=C(/N=N/C2=CC=C(F)C=C2F)C(C)=NO1,324.0,,,Photoswitch_Experimental,M01_Photoswitch_Dataset,PS_M01_111,Cc1noc(C)c1/N=N/c1ccc(F)cc1F
CC1=C(/N=N/C2=CC(F)=CC=C2F)C(C)=NO1,328.0,,,Photoswitch_Experimental,M01_Photoswitch_Dataset,PS_M01_112,Cc1noc(C)c1/N=N/c1cc(F)ccc1F
CC1=C(/N=N/C2=C(F)C=CC=C2F)C(C)=NO1,309.0,,,Photoswitch_Experimental,M01_Photoswitch_Dataset,PS_M01_113,Cc1noc(C)c1/N=N/c1c(F)cccc1F
CC1=C(/N=N/C2=CC(F)=CC(F)=C2)C(C)=NO1,315.0,,,Photoswitch_Experimental,M01_Photoswitch_Dataset,PS_M01_114,Cc1noc(C)c1/N=N/c1cc(F)cc(F)c1
CC1=C(/N=N/C2=CC=CC(N)=C2)C(C)=NO1,315.0,,,Photoswitch_Experimental,M01_Photoswitch_Dataset,PS_M01_115,Cc1noc(C)c1/N=N/c1cccc(N)c1
CC1=C(/N=N/C2=CC=CC=C2C#N)C(C)=NO1,325.0,,,Photoswitch_Experimental,M01_Photoswitch_Dataset,PS_M01_116,Cc1noc(C)c1/N=N/c1ccccc1C#N
C[N]1C=C(C=N1)N=NC2=CC=CC=C2,328.0,98.0,7.6e-09,Photoswitch_Experimental,M01_Photoswitch_Dataset,PS_M01_4,Cn1cc(N=Nc2ccccc2)cn1
C[N]1N=C(C)C(=C1C)N=NC2=CC=CC=C2,335.0,98.0,7.7e-07,Photoswitch_Experimental,M01_Photoswitch_Dataset,PS_M01_5,Cc1nn(C)c(C)c1N=Nc1ccccc1
CN(N=C1)C=C1/N=N/C2=C(F)C=CC=C2F,316.0,92.0,4.8e-10,Photoswitch_Experimental,M01_Photoswitch_Dataset,PS_M01_26,Cn1cc(/N=N/c2c(F)cccc2F)cn1
CN(N=C1C)C(C)=C1/N=N/C2=C(F)C=CC=C2F,328.0,93.0,7.84e-08,Photoswitch_Experimental,M01_Photoswitch_Dataset,PS_M01_27,Cc1nn(C)c(C)c1/N=N/c1c(F)cccc1F
CN(N=C1C)C(C)=C1/N=N/C2=C(Cl)C=CC=C2Cl,328.0,80.0,6.95e-06,Photoswitch_Experimental,M01_Photoswitch_Dataset,PS_M01_28,Cc1nn(C)c(C)c1/N=N/c1c(Cl)cccc1Cl
CN(N=C1C)C(C)=C1/N=N/C2=C(OC)C=CC=C2OC,307.0,81.0,7.22e-08,Photoswitch_Experimental,M01_Photoswitch_Dataset,PS_M01_29,COc1cccc(OC)c1/N=N/c1c(C)nn(C)c1C
CC1=C(C(C)=NN1)/N=N/C2=C(F)C=CC=C2,334.0,90.0,4.55e-05,Photoswitch_Experimental,M01_Photoswitch_Dataset,PS_M01_63,Cc1n[nH]c(C)c1/N=N/c1ccccc1F
CC1=C(C(C)=NN1)/N=N/C2=CC(F)=CC=C2,334.0,87.0,0.00185,Photoswitch_Experimental,M01_Photoswitch_Dataset,PS_M01_64,Cc1n[nH]c(C)c1/N=N/c1cccc(F)c1
CC1=C(C(C)=NN1)/N=N/C2=CC=C(F)C=C2,330.0,85.0,0.00162,Photoswitch_Experimental,M01_Photoswitch_Dataset,PS_M01_65,Cc1n[nH]c(C)c1/N=N/c1ccc(F)cc1
CC1=C(C(C)=NN1)/N=N/C2=C(Cl)C=CC=C2,339.0,84.0,0.00403,Photoswitch_Experimental,M01_Photoswitch_Dataset,PS_M01_66,Cc1n[nH]c(C)c1/N=N/c1ccccc1Cl
CC1=C(C(C)=NN1)/N=N/C2=CC(Cl)=CC=C2,336.0,80.0,0.0114,Photoswitch_Experimental,M01_Photoswitch_Dataset,PS_M01_67,Cc1n[nH]c(C)c1/N=N/c1cccc(Cl)c1
CC1=C(C(C)=NN1)/N=N/C2=CC=C(Cl)C=C2,336.0,90.0,0.0016699999999999,Photoswitch_Experimental,M01_Photoswitch_Dataset,PS_M01_68,Cc1n[nH]c(C)c1/N=N/c1ccc(Cl)cc1
CC1=C(C(C)=NN1)/N=N/C2=C(Br)C=CC=C2,340.0,88.0,0.0042899999999999,Photoswitch_Experimental,M01_Photoswitch_Dataset,PS_M01_69,Cc1n[nH]c(C)c1/N=N/c1ccccc1Br
CC1=C(C(C)=NN1)/N=N/C2=CC(Br)=CC=C2,335.0,86.0,0.0587,Photoswitch_Experimental,M01_Photoswitch_Dataset,PS_M01_70,Cc1n[nH]c(C)c1/N=N/c1cccc(Br)c1
CC1=C(C(C)=NN1)/N=N/C2=CC=C(Br)C=C2,337.0,92.0,0.00179,Photoswitch_Experimental,M01_Photoswitch_Dataset,PS_M01_71,Cc1n[nH]c(C)c1/N=N/c1ccc(Br)cc1
CC1=C(C(C)=NN1)/N=N/C2=CC(O)=CC=C2,330.0,86.0,0.00288,Photoswitch_Experimental,M01_Photoswitch_Dataset,PS_M01_72,Cc1n[nH]c(C)c1/N=N/c1cccc(O)c1
CC1=C(C(C)=NN1)/N=N/C2=C(C(F)(F)F)C=CC=C2,335.0,41.0,0.3279999999999999,Photoswitch_Experimental,M01_Photoswitch_Dataset,PS_M01_73,Cc1n[nH]c(C)c1/N=N/c1ccccc1C(F)(F)F
CC1=C(C(C)=NN1)/N=N/C2=CC(C(F)(F)F)=CC=C2,332.0,83.0,0.00265,Photoswitch_Experimental,M01_Photoswitch_Dataset,PS_M01_74,Cc1n[nH]c(C)c1/N=N/c1cccc(C(F)(F)F)c1
CC1=C(C(C)=NN1)/N=N/C2=CC=C(C(F)(F)F)C=C2,334.0,79.0,0.0296,Photoswitch_Experimental,M01_Photoswitch_Dataset,PS_M01_75,Cc1n[nH]c(C)c1/N=N/c1ccc(C(F)(F)F)cc1
CC1=C(C(C)=NN1)/N=N/C2=C(OC)C=CC=C2,350.0,92.0,0.00104,Photoswitch_Experimental,M01_Photoswitch_Dataset,PS_M01_76,COc1ccccc1/N=N/c1c(C)n[nH]c1C
CC1=C(C(C)=NN1)/N=N/C2=CC(OC)=CC=C2,330.0,85.0,0.00297,Photoswitch_Experimental,M01_Photoswitch_Dataset,PS_M01_77,COc1cccc(/N=N/c2c(C)n[nH]c2C)c1
CC1=C(C(C)=NN1)/N=N/C2=CC=C(OC)C=C2,342.0,92.0,0.0012,Photoswitch_Experimental,M01_Photoswitch_Dataset,PS_M01_78,COc1ccc(/N=N/c2c(C)n[nH]c2C)cc1
CC1=C(C(C)=NN1)/N=N/C2=C(C)C=CC=C2,336.0,92.0,0.00692,Photoswitch_Experimental,M01_Photoswitch_Dataset,PS_M01_79,Cc1ccccc1/N=N/c1c(C)n[nH]c1C
CC1=C(C(C)=NN1)/N=N/C2=CC(C)=CC=C2,331.0,88.0,0.00199,Photoswitch_Experimental,M01_Photoswitch_Dataset,PS_M01_80,Cc1cccc(/N=N/c2c(C)n[nH]c2C)c1
CC1=C(C(C)=NN1)/N=N/C2=CC=C(C)C=C2,335.0,90.0,0.00145,Photoswitch_Experimental,M01_Photoswitch_Dataset,PS_M01_81,Cc1ccc(/N=N/c2c(C)n[nH]c2C)cc1
CC1=C(C(C)=NN1)/N=N/C2=CC(C(O)=O)=CC=C2,332.0,81.0,0.0304,Photoswitch_Experimental,M01_Photoswitch_Dataset,PS_M01_82,Cc1n[nH]c(C)c1/N=N/c1cccc(C(=O)O)c1
CC1=C(C(C)=NN1)/N=N/C2=CC=C(C(O)=O)C=C2,342.0,83.0,0.0441,Photoswitch_Experimental,M01_Photoswitch_Dataset,PS_M01_83,Cc1n[nH]c(C)c1/N=N/c1ccc(C(=O)O)cc1
CC1=C(C(C)=NN1)/N=N/C2=CC(NC(C)=O)=CC=C2,329.0,86.0,0.0544,Photoswitch_Experimental,M01_Photoswitch_Dataset,PS_M01_84,CC(=O)Nc1cccc(/N=N/c2c(C)n[nH]c2C)c1
CC1=C(C(C)=NN1)/N=N/C2=CC=C(NC(C)=O)C=C2,350.0,91.0,0.00144,Photoswitch_Experimental,M01_Photoswitch_Dataset,PS_M01_85,CC(=O)Nc1ccc(/N=N/c2c(C)n[nH]c2C)cc1
[H]C1=CC=C(N=C(N=NC2=CC=CC=C2)S3)C3=C1,328.0,,,Photoswitch_Experimental,M01_Photoswitch_Dataset,PS_M01_355,c1ccc(N=Nc2nc3ccccc3s2)cc1
[H]C4=CC=C(N=C(N=NC5=CC=CC=C5Cl)S6)C6=C4,335.0,,,Photoswitch_Experimental,M01_Photoswitch_Dataset,PS_M01_356,Clc1ccccc1N=Nc1nc2ccccc2s1
[H]C7=CC=C(N=C(N=NC8=CC=CC(CO)=C8)S9)C9=C7,328.0,,,Photoswitch_Experimental,M01_Photoswitch_Dataset,PS_M01_357,OCc1cccc(N=Nc2nc3ccccc3s2)c1
[H]C%10=CC=C(N=C(N=NC%11=C(NC(C)=O)C=CC=C%11)S%12)C%12=C%10,331.0,,,Photoswitch_Experimental,M01_Photoswitch_Dataset,PS_M01_358,CC(=O)Nc1ccccc1N=Nc1nc2ccccc2s1
[H]C%13=CC=C(N=C(N=NC%14=CC=C(NC(C)=O)C=C%14)S%15)C%15=C%13,371.0,,,Photoswitch_Experimental,M01_Photoswitch_Dataset,PS_M01_359,CC(=O)Nc1ccc(N=Nc2nc3ccccc3s2)cc1
[H]C%16=CC=C(N=C(N=NC%17=CC=CC=C%17OC)S%18)C%18=C%16,325.0,,,Photoswitch_Experimental,M01_Photoswitch_Dataset,PS_M01_360,COc1ccccc1N=Nc1nc2ccccc2s1
[H]C%19=CC=C(N=C(N=NC%20=CC=C(OC)C=C%20)S%21)C%21=C%19,361.0,,,Photoswitch_Experimental,M01_Photoswitch_Dataset,PS_M01_361,COc1ccc(N=Nc2nc3ccccc3s2)cc1
[H]C%22=CC=C(N=C(N=NC%23=CC=CC=C%23SC)S%24)C%24=C%22,328.0,,,Photoswitch_Experimental,M01_Photoswitch_Dataset,PS_M01_362,CSc1ccccc1N=Nc1nc2ccccc2s1
[H]C%25=CC=C(N=C(N=NC%26=CC=C(SC)C=C%26)S%27)C%27=C%25,392.0,,,Photoswitch_Experimental,M01_Photoswitch_Dataset,PS_M01_363,CSc1ccc(N=Nc2nc3ccccc3s2)cc1
O=[N+]([O-])C1=CC=C(N=C(N=NC2=CC=CC=C2)S3)C3=C1,340.0,,,Photoswitch_Experimental,M01_Photoswitch_Dataset,PS_M01_364,O=[N+]([O-])c1ccc2nc(N=Nc3ccccc3)sc2c1
O=[N+]([O-])C4=CC=C(N=C(N=NC5=CC=CC=C5C(O)=O)S6)C6=C4,335.0,,,Photoswitch_Experimental,M01_Photoswitch_Dataset,PS_M01_365,O=C(O)c1ccccc1N=Nc1nc2ccc([N+](=O)[O-])cc2s1
ClC7=CC=CC=C7N=NC8=NC9=CC=C([N+]([O-])=O)C=C9S8,343.0,,,Photoswitch_Experimental,M01_Photoswitch_Dataset,PS_M01_366,O=[N+]([O-])c1ccc2nc(N=Nc3ccccc3Cl)sc2c1
ClC%10=CC(N=NC%11=NC%12=CC=C([N+]([O-])=O)C=C%12S%11)=CC=C%10,334.0,,,Photoswitch_Experimental,M01_Photoswitch_Dataset,PS_M01_367,O=[N+]([O-])c1ccc2nc(N=Nc3cccc(Cl)c3)sc2c1
ClC(C=C%13)=CC=C%13N=NC%14=NC%15=CC=C([N+]([O-])=O)C=C%15S%14,346.0,,,Photoswitch_Experimental,M01_Photoswitch_Dataset,PS_M01_368,O=[N+]([O-])c1ccc2nc(N=Nc3ccc(Cl)cc3)sc2c1
FC(C=C%16)=CC=C%16N=NC%17=NC%18=CC=C([N+]([O-])=O)C=C%18S%17,342.0,,,Photoswitch_Experimental,M01_Photoswitch_Dataset,PS_M01_369,O=[N+]([O-])c1ccc2nc(N=Nc3ccc(F)cc3)sc2c1
IC(C=C%19)=CC=C%19N=NC%20=NC%21=CC=C([N+]([O-])=O)C=C%21S%20,368.0,,,Photoswitch_Experimental,M01_Photoswitch_Dataset,PS_M01_370,O=[N+]([O-])c1ccc2nc(N=Nc3ccc(I)cc3)sc2c1
O=[N+]([O-])C%22=CC=C(N=C(N=NC%23=CC=C([N+]([O-])=O)C=C%23)S%24)C%24=C%22,332.0,,,Photoswitch_Experimental,M01_Photoswitch_Dataset,PS_M01_371,O=[N+]([O-])c1ccc(N=Nc2nc3ccc([N+](=O)[O-])cc3s2)cc1
OCC%25=CC(N=NC%26=NC%27=CC=C([N+]([O-])=O)C=C%27S%26)=CC=C%25,341.0,,,Photoswitch_Experimental,M01_Photoswitch_Dataset,PS_M01_372,O=[N+]([O-])c1ccc2nc(N=Nc3cccc(CO)c3)sc2c1
O=C(C)NC(C=C%31)=CC=C%31N=NC%32=NC%33=CC=C([N+]([O-])=O)C=C%33S%32,406.0,,,Photoswitch_Experimental,M01_Photoswitch_Dataset,PS_M01_374,CC(=O)Nc1ccc(N=Nc2nc3ccc([N+](=O)[O-])cc3s2)cc1
COC1=CC=CC=C1N=NC2=NC3=CC=C([N+]([O-])=O)C=C3S2,337.0,,,Photoswitch_Experimental,M01_Photoswitch_Dataset,PS_M01_375,COc1ccccc1N=Nc1nc2ccc([N+](=O)[O-])cc2s1
COC(C=C4)=CC=C4N=NC5=NC6=CC=C([N+]([O-])=O)C=C6S5,399.0,,,Photoswitch_Experimental,M01_Photoswitch_Dataset,PS_M01_376,COc1ccc(N=Nc2nc3ccc([N+](=O)[O-])cc3s2)cc1
CSC7=CC=CC=C7N=NC8=NC9=CC=C([N+]([O-])=O)C=C9S8,340.0,,,Photoswitch_Experimental,M01_Photoswitch_Dataset,PS_M01_377,CSc1ccccc1N=Nc1nc2ccc([N+](=O)[O-])cc2s1
CSC(C=C%10)=CC=C%10N=NC%11=NC%12=CC=C([N+]([O-])=O)C=C%12S%11,421.0,,,Photoswitch_Experimental,M01_Photoswitch_Dataset,PS_M01_378,CSc1ccc(N=Nc2nc3ccc([N+](=O)[O-])cc3s2)cc1
C[N]1C=CC(=N1)N=NC2=CC=CC=C2,320.0,98.0,1.1e-07,Photoswitch_Experimental,M01_Photoswitch_Dataset,PS_M01_2,Cn1ccc(N=Nc2ccccc2)n1
C[N]1C=C(C)C(=N1)N=NC2=CC=CC=C2,325.0,96.0,1.5e-06,Photoswitch_Experimental,M01_Photoswitch_Dataset,PS_M01_3,Cc1cn(C)nc1N=Nc1ccccc1
NC(C=C1)=CC=C1N=NC2=NNC=C2,391.0,,,Photoswitch_Experimental,M01_Photoswitch_Dataset,PS_M01_15,Nc1ccc(N=Nc2cc[nH]n2)cc1
COC(C=C1)=CC=C1N=NC2=NNC=C2,344.0,,,Photoswitch_Experimental,M01_Photoswitch_Dataset,PS_M01_16,COc1ccc(N=Nc2cc[nH]n2)cc1
CC(C=C1)=CC=C1N=NC2=NNC=C2,332.0,,,Photoswitch_Experimental,M01_Photoswitch_Dataset,PS_M01_17,Cc1ccc(N=Nc2cc[nH]n2)cc1
[H]C(C=C1)=CC=C1N=NC2=NNC=C2,324.0,,,Photoswitch_Experimental,M01_Photoswitch_Dataset,PS_M01_19,c1ccc(N=Nc2cc[nH]n2)cc1
BrC(C=C1)=CC=C1N=NC2=NNC=C2,331.0,,,Photoswitch_Experimental,M01_Photoswitch_Dataset,PS_M01_20,Brc1ccc(N=Nc2cc[nH]n2)cc1
FC1=CC=CC=C1N=NC2=NNC=C2,328.0,,,Photoswitch_Experimental,M01_Photoswitch_Dataset,PS_M01_21,Fc1ccccc1N=Nc1cc[nH]n1
O=C(O)C(C=C1)=CC=C1N=NC2=NNC=C2,328.0,,,Photoswitch_Experimental,M01_Photoswitch_Dataset,PS_M01_22,O=C(O)c1ccc(N=Nc2cc[nH]n2)cc1
O=C(C1=CC=C(/N=N/C2=NNC=C2)C=C1)OCC,331.0,,,Photoswitch_Experimental,M01_Photoswitch_Dataset,PS_M01_23,CCOC(=O)c1ccc(/N=N/c2cc[nH]n2)cc1
CC(C(C=C1)=CC=C1N=NC2=NNC=C2)=O,322.0,,,Photoswitch_Experimental,M01_Photoswitch_Dataset,PS_M01_24,CC(=O)c1ccc(N=Nc2cc[nH]n2)cc1
[O-][N+](C(C=C1)=CC=C1N=NC2=NNC=C2)=O,340.0,,,Photoswitch_Experimental,M01_Photoswitch_Dataset,PS_M01_25,O=[N+]([O-])c1ccc(N=Nc2cc[nH]n2)cc1
CC1=CC=C(/N=N/C2=CC=CS2)C=C1,365.0,,,Photoswitch_Experimental,M01_Photoswitch_Dataset,PS_M01_118,Cc1ccc(/N=N/c2cccs2)cc1
COC(S1)=CC=C1/N=N/C2=CC=CC=C2,394.0,,,Photoswitch_Experimental,M01_Photoswitch_Dataset,PS_M01_323,COc1ccc(/N=N/c2ccccc2)s1
COC(S1)=CC=C1/N=N/C2=CC=C(C#N)C=C2,413.0,,,Photoswitch_Experimental,M01_Photoswitch_Dataset,PS_M01_324,COc1ccc(/N=N/c2ccc(C#N)cc2)s1
CC(S1)=CC=C1/N=N/C2=CC=C(C#N)C=C2,387.0,,,Photoswitch_Experimental,M01_Photoswitch_Dataset,PS_M01_325,Cc1ccc(/N=N/c2ccc(C#N)cc2)s1
CC(S1)=CC=C1/N=N/C2=CC=C(C(F)(F)F)C=C2,378.0,,,Photoswitch_Experimental,M01_Photoswitch_Dataset,PS_M01_326,Cc1ccc(/N=N/c2ccc(C(F)(F)F)cc2)s1
N#CC(S1)=CC=C1/N=N/C2=CC=CC=C2,367.0,,,Photoswitch_Experimental,M01_Photoswitch_Dataset,PS_M01_327,N#Cc1ccc(/N=N/c2ccccc2)s1
COC1=CC=C(/N=N/C2=CC=CS2)C=C1,373.0,,,Photoswitch_Experimental,M01_Photoswitch_Dataset,PS_M01_328,COc1ccc(/N=N/c2cccs2)cc1
N#CC1=CC=C(/N=N/C2=CC=CS2)C=C1,370.0,,,Photoswitch_Experimental,M01_Photoswitch_Dataset,PS_M01_329,N#Cc1ccc(/N=N/c2cccs2)cc1
FC(F)(F)C1=CC=C(/N=N/C2=CC=CS2)C=C1,362.0,,,Photoswitch_Experimental,M01_Photoswitch_Dataset,PS_M01_330,FC(F)(F)c1ccc(/N=N/c2cccs2)cc1
COC1=CC(/N=N/C2=CC=CS2)=CC=C1,364.0,,,Photoswitch_Experimental,M01_Photoswitch_Dataset,PS_M01_331,COc1cccc(/N=N/c2cccs2)c1
N#CC1=CC(/N=N/C2=CC=CS2)=CC=C1,362.0,,,Photoswitch_Experimental,M01_Photoswitch_Dataset,PS_M01_332,N#Cc1cccc(/N=N/c2cccs2)c1
OC%26=C%27N=CC=CC%27=C(/N=N/C%28=NC%29=CC=CC=C%29S%28)C=C%26,442.0,,,Photoswitch_Experimental,M01_Photoswitch_Dataset,PS_M01_397,Oc1ccc(/N=N/c2nc3ccccc3s2)c2cccnc12
OC%30=C%31N=CC=CC%31=C(/N=N/C%32=NC%33=CC=C(Cl)C=C%33S%32)C=C%30,450.0,,,Photoswitch_Experimental,M01_Photoswitch_Dataset,PS_M01_398,Oc1ccc(/N=N/c2nc3ccc(Cl)cc3s2)c2cccnc12
OC%34=C%35N=CC=CC%35=C(/N=N/C%36=NC%37=CC=C(OC)C=C%37S%36)C=C%34,461.0,,,Photoswitch_Experimental,M01_Photoswitch_Dataset,PS_M01_399,COc1ccc2nc(/N=N/c3ccc(O)c4ncccc34)sc2c1
OC%38=C%39N=CC=CC%39=C(/N=N/C%40=NC%41=CC(C)=C(C)C=C%41S%40)C=C%38,456.0,,,Photoswitch_Experimental,M01_Photoswitch_Dataset,PS_M01_400,Cc1cc2nc(/N=N/c3ccc(O)c4ncccc34)sc2cc1C
C[N]1N=NC(=N1)N=NC2=CC=CC=C2,310.0,76.0,2.1e-07,Photoswitch_Experimental,M01_Photoswitch_Dataset,PS_M01_0,Cn1nnc(N=Nc2ccccc2)n1
